subject_id,unified_label,n_rows
subject01,falling,300
subject01,lying,950
subject01,running,4000
subject01,sitting,2500
subject01,standing,1250
subject02,falling,600
subject02,lying,2000
subject02,running,1000
subject02,sitting,2400
subject02,walking,3000
subject03,falling,300
subject03,lying,1700
subject03,running,2000
subject03,sitting,3750
subject03,standing,1250
subject04,falling,900
subject04,lying,3000
subject04,sitting,1250
subject04,standing,1250
subject04,walking,2600
subject05,falling,900
subject05,lying,1000
subject05,running,1000
subject05,standing,2500
subject05,walking,3600
subject06,falling,300
subject06,lying,1000
subject06,running,3000
subject06,sitting,2500
subject06,standing,1250
subject06,walking,950
subject07,falling,900
subject07,lying,3000
subject07,running,1350
subject07,sitting,2500
subject07,standing,1250
subject08,falling,900
subject08,lying,1000
subject08,running,4000
subject08,standing,1250
subject08,walking,1850
subject09,falling,600
subject09,lying,1000
subject09,running,1000
subject09,sitting,2400
subject09,standing,2500
subject09,walking,1500
subject10,falling,600
subject10,lying,2000
subject10,sitting,2400
subject10,standing,2500
subject10,walking,1500
subject11,falling,600
subject11,lying,2000
subject11,running,2000
subject11,sitting,2500
subject11,walking,1900
subject12,falling,300
subject12,lying,3000
subject12,running,2000
subject12,sitting,2500
subject12,standing,1200
subject13,falling,300
subject13,running,1000
subject13,sitting,1450
subject13,standing,6250
subject14,falling,900
subject14,running,3000
subject14,sitting,600
subject14,walking,4500
subject15,falling,300
subject15,lying,2000
subject15,running,3000
subject15,sitting,2200
subject15,walking,1500
subject16,falling,600
subject16,lying,4000
subject16,sitting,1650
subject16,standing,1250
subject16,walking,1500
