feature,fall_perm_importance,mdi_importance
ax_mean,0.0,0.052016766070091015
ay_range,0.0,0.0038642742052688622
ax_max,0.0,0.017992763172813363
ax_range,0.0,0.004705690144012684
ax_rms,0.0,0.061882846082212596
ax_peak2peak,0.0,0.006921825410381971
ax_zcr,0.0,0.0011061954198617362
ax_mad,0.0,0.010517395501154611
ax_skew,0.0,6.15142703046535e-05
ax_kurt,0.0,0.0002864184627625418
ax_iqr,0.0,0.003693306699104629
ay_mean,0.0,0.018008933476680422
ay_std,0.0,0.007538236230211038
ay_min,0.0,0.016030286934939436
ay_max,0.0,0.010074236055767447
gz_rms,0.0,0.011137348586375622
ay_peak2peak,0.0,0.001273479019037953
az_mad,0.0,0.004122892763807348
ay_zcr,0.0,0.000875043272401907
ay_mad,0.0,0.008708981972789838
ay_skew,0.0,1.867718113205656e-05
ay_kurt,0.0,2.6047536761655336e-05
ay_iqr,0.0,0.007107127893537778
az_mean,0.0,0.037643380523853076
az_std,0.0,0.007719048248310333
az_min,0.0,0.07182226586753693
az_max,0.0,0.023715147255454445
az_range,0.0,0.0027237452201649935
az_rms,0.0,0.05409721319663461
az_peak2peak,0.0,0.006296370182723924
az_zcr,0.0,0.0022432754146529867
ay_rms,0.0,0.03367419369804315
ax_min,0.0,0.05584138979360345
az_skew,0.0,2.6081050579692256e-05
ax_band_low,0.0,0.0005439527359061936
gy_min,0.0,0.002104686608467937
gx_mean,0.0,7.409061590455855e-05
gx_std,0.0,0.008999257965427145
gx_min,0.0,0.006782822732081154
gx_max,0.0,0.003002509812582198
gx_range,0.0,0.0031282601244068792
gx_rms,0.0,0.010119022906620243
gx_peak2peak,0.0,0.00023357856007734438
gx_zcr,0.0,0.00040132197404495537
gx_mad,0.0,0.012590501800417155
gx_skew,0.0,0.000198549026016781
gx_kurt,0.0,0.0009856779656060733
gx_iqr,0.0,0.020256334252954762
gy_mean,0.0,0.0002727253138697835
gy_std,0.0,0.011410190570067529
gy_max,0.0,0.002941949713884582
az_kurt,0.0,2.4513600758313092e-05
gy_range,0.0,0.0025095520358842044
gy_rms,0.0,0.011945499203282715
gy_peak2peak,0.0,0.004231802520817415
gy_zcr,0.0,0.002644182806461061
gy_mad,0.0,0.01745098841405827
gy_skew,0.0,5.097512458683181e-06
gy_kurt,0.0,0.0002718875373712815
gy_iqr,0.0,0.02359947508970101
gz_mean,0.0,0.0009933328497505201
gz_std,0.0,0.01796319713429393
gz_min,0.0,0.005665219595162429
gz_max,0.0,0.00042141754832341596
gz_range,0.0,0.002393886886928378
az_iqr,0.0,0.0060643608525132765
gz_peak2peak,0.0,0.001105901151459174
gz_zcr,0.0,0.0010627754761661965
gz_mad,0.0,0.010811352290796404
az_band_high,0.0,0.002024422957086945
gz_skew,0.0,0.00021852153653859356
gz_kurt,0.0,7.521571344264889e-05
gz_iqr,0.0,0.02682210405396289
acc_sma,0.0,0.030629628867252512
gyr_sma,0.0,0.01599017132088536
corr_ax_ay,0.0,6.547559492317735e-05
corr_ax_az,0.0,4.0508867717973015e-05
corr_ay_az,0.0,1.896524543976352e-05
corr_gx_gy,0.0,4.780998726232188e-05
corr_gx_gz,0.0,7.052218817197796e-05
corr_gy_gz,0.0,6.72572883496887e-05
ax_dom_freq,0.0,0.0016948402930420598
ax_dom_energy,0.0,0.0006909297319288804
ax_spec_entropy,0.0,0.001082427606653658
ax_spec_centroid,0.0,0.00025868206285788105
gx_spec_entropy,0.0,6.316771846153825e-06
ax_band_mid,0.0,0.00012869048003191986
ax_band_high,0.0,0.0007887701043489583
ay_dom_freq,0.0,2.116876023057817e-05
ay_dom_energy,0.0,0.00012632644292432567
ay_spec_entropy,0.0,0.0004223913545329543
ay_spec_centroid,0.0,7.617841967852343e-05
ay_band_low,0.0,5.7398811739074824e-05
ay_band_mid,0.0,1.1498152284061892e-16
ay_band_high,0.0,0.0005645304570048198
az_dom_freq,0.0,0.0004282987022566681
az_dom_energy,0.0,0.0001829084260910924
az_spec_entropy,0.0,0.001580526355738406
az_spec_centroid,0.0,0.002572465852089224
az_band_low,0.0,0.004821612408909123
az_band_mid,0.0,0.0004492876798985616
gx_dom_freq,0.0,3.4435858583170385e-05
ax_std,0.0,0.015856804875968994
gz_spec_centroid,0.0,0.0001051227399855215
gx_spec_centroid,0.0,6.99527520295365e-05
gx_band_low,0.0,4.243905749071351e-05
gx_band_mid,0.0,4.214532301944785e-06
gx_band_high,0.0,6.695338021801619e-05
gy_dom_freq,0.0,0.0005728374951914655
gy_dom_energy,0.0,3.601571301196609e-05
gy_spec_entropy,0.0,0.0002875452034961288
gy_spec_centroid,0.0,0.0008094434299914925
gy_band_low,0.0,0.0006015838372771594
gy_band_mid,0.0,8.10682549961491e-06
gy_band_high,0.0,0.0006073883176087994
gz_dom_freq,0.0,5.607870154477228e-05
gz_dom_energy,0.0,6.25924741116666e-05
gx_dom_energy,0.0,0.0001395444361916208
gz_spec_entropy,0.0,8.414665882082238e-05
gz_band_low,0.0,0.00027490494124303986
gz_band_mid,0.0,0.0047130502469058455
gz_band_high,0.0,4.661100918169272e-06
acc_svm_mean,0.0,0.001978250091730684
acc_svm_std,0.0,0.005820347728505514
acc_svm_peak,0.0,0.007334327320820585
gyr_svm_mean,0.0,0.0318007405081757
gyr_svm_std,0.0,0.0049788996192588345
gyr_svm_peak,0.0,0.004540767784057821
acc_jerk_mean,0.0,0.04346632799900509
acc_jerk_peak,0.0,0.0030356216444327034
gyr_jerk_mean,0.0,0.02715116953369842
gyr_jerk_peak,0.0,0.0029139656521946938
resultant_mean,0.0,0.010736239979496473
resultant_peak,0.0,0.0027988932199055393
